PK_CLIENTES;customer;phone;region_name;division_name
8cb5897edf0e1d08e4d987d7ca63493193046ec1b2c6644dcb4104d316b9b93e;Tao Store;816-455-8733;Western;Domestic
562ba3c2cedf0ed542e4519973b3edae360695caccb7bc4c0c8668dcc892da30;Taroch Mexistore;816-455-8733;International;International
1db1c2c7307310fda3f050c9efd12213c01b868135deac49b9209b8a0879ee5c;Team Supermarket;816-455-8733;Western;Domestic
7c9243620013a838bd4e0d17361b60c0d31aee0e9bc70c3d93d2f458767f5ea9;Robust Store;816-455-8733;Western;Domestic
9870174738c3edeeb60987f3b094f928ce0d5b0f6dda569b796c1786eab33bcd;UniPress Shop;816-455-8733;Southern;Domestic
dd4d384ac2aaf643c313934fededf4e816b79186f81c7aa07f004ceff1994005;Safetynet Shop;816-455-8733;Southern;Domestic
869be22554de6719c96a62dc8a47b44d4eda599fb940e25d389b3fb7b4426b83;VA Supermarket;816-455-8733;Northeast;Domestic
dcaaf1c2c69cd84a768131c74032dc2981ddfa68d9f9359312f233839be8e8d0;Ace Market;816-455-8733;International;International
75ecffcf8a5ba129980a2ff1c652dbb9a69980468e7ea21c7fa26e6ddde3b42c;Absolute Supermarket;816-455-8733;International;International
8c3969d9dc6a8ed6afd78246415a85759a8f2818e623c36777d6467df33d048a;Panix Shop;816-455-8733;International;International
c67e73026ddbc77775a5b81e010be6b6b1a13f0d532589d010dc86ef0c59d66b;Pereras;816-455-8733;Central;Domestic
a0e2482569a8361899e7522e3f30f55cf86dd2e30dca6e2adfac3b116cdf2ae4;Talou Shop;816-455-8733;Western;Domestic
ab9541ce51721b7cb08b345d07fcaed0eaa95148843bd5376d3d2c8cec876375;Matradi Megastore;816-455-8733;Southern;Domestic
43c0147e96701de746bee2f9f1970a9b87b217813f3e4da53892803c5159c1d3;Xyratex Shop;816-455-8733;International;International
4192b104c513977c5562d520c49b8464759035b613986b76924ae114868b0535;EDS Shop;816-455-8733;Central;Domestic
1ec26dbf05b10c24e1110ec6315ca5d3f8c6b9c57d48983066fdb04983299773;Kimball Supermarket;816-455-8733;International;International
9c8f485fcd12ccedc8cc96df1e56a103bf2f9100fc6d6a841f594a77e279be7b;Vector USA;816-455-8733;Canada;International
0c61c7dd21678fab8a545218552e93137bbb4f50be268f912a5b70863ec5adfa;Pacific Supermarket;816-455-8733;Canada;International
fef82f23d0ddb9427931ddf96a55b2219b0458d7032e210bbbab0bebad7a86cf;Tredegar Market;816-455-8733;Western;Domestic
f7fe2e2702a96388fd421549c9290fe8300bffe53c57caf0dfbd00a59fb59bbc;Telesat Supermarket;816-455-8733;Northeast;Domestic
cecda2da56d05620bd480e8e08426bdc5125787015e8b1ff56413fdc4dab58f7;Maxtor Shop;816-455-8733;International;International
1946ff8a71833cf91356dc5a2247ff60c388636f1480f0bec34e215cc9d19366;U.S. Market;816-455-8733;Canada;International
c445d2237a1e29cda866f8c60957db43be075c35a5dccc976f6e5c555fbce288;Signatures Superstore;816-455-8733;Western;Domestic
43d32409e95396fae7c5a7b88743c78c7ccce929b4badd78f2858cae1bd9cf6d;SataMine Shop;816-455-8733;Northeast;Domestic
c6885d1f0f090fb488890f529c6cbedd32eea533ea15364179e660ee5969458a;Enterprises Shop;816-455-8733;International;International
f5497bb203e19b28eb95405cb7b9eba35d1e42e23e319dc7b6e2a862013c8535;Unimedya Shop;816-455-8733;Canada;International
f9646ad6315aae7996aa2014df34ebd128a388e1a31fb5df49ba87cc541ae82c;Script Supermarket;816-455-8733;Canada;International
f87baca14aada81300731c28699d136c5f910e82d04b3af52c4d2a57f886d325;Quantex Supermarket;816-455-8733;Western;Domestic
1b28338c3f840a1ab8548f2f7c26cf30aaba448ebb6b0c3df0488608cc7848bf;C.O.F. Shop;816-455-8733;International;International
41541aa22e60f540565cc853e68a31f1c9c50f722ff725298cdbaf90879a88ec;Gandalf Supermarket;816-455-8733;International;International
99c2e97114ada8fa3eed03e4ff4977273c00227071351ae57123503e98912557;A1 Store;816-455-8733;Canada;International
7da15a56749f172dda03f8d9a7769f7fb4d87319eb2fd84477fd5dd191ff3e04;Panngea Shop;816-455-8733;Western;Domestic
b83eaa69cdf6fbbc145cb9f5df2a0d7ab3b32f8623d3de9693f27e12d5812f4b;Stone Supermarket;816-455-8733;Western;Domestic
b77c3d29cb486c703dda453f86e28ec16930d54de57b52a18431604c14290f28;HarveyOpolis Shop;816-455-8733;International;International
4f60fa13704b6928e6ce6ea287db217acf019e4d751bbacc32e5e46631ca9761;Galaxy Supermarket;816-455-8733;International;International
84e91a53b623c6e690285103cda3da1d42b7da04cd40ad88cbb48046c9931c09;Pink Supermarket;816-455-8733;Southern;Domestic
f84b11fb3a55cd0e9f8d9b016d7fb4d6851a300124cae949c346ee674c03317a;One Market;816-455-8733;International;International
3d4bb70068b259e7aea860dbdbe4c4a340c9410ab353345227570f3f03c34ed4;Southern Supermarket;816-455-8733;Central;Domestic
c307598551da89dcba430380549ea945fde20da655b856de494ac3fa5ad554d9;Sigma Shop;816-455-8733;Central;Domestic
695c556e339f2b2b45463b22f3311e773e40e338f6489c3f64a55ee5e432903a;Capitolnet Supermarket;816-455-8733;Southern;Domestic
cf54b87f0a284bbf1ab02ba57a3111b66a94f401eac7f40d5c94893f22add1d3;CAPCON Shop;816-455-8733;Western;Domestic
c39a35f44ea243d9c95dab7b6ac20e7b3b2a0fcb77402a38ac9218452dced1b2;Bre-X Shop;816-455-8733;International;International
edfbcb5caf6851a1164dd8c7780c8ff015d498fb85dbd7eecbfb30c03ce495f2;PADL Shop;816-455-8733;International;International
4975e9895dc332b24a18bece6c2a32da8fcc92f9695ea8e21dad03c8a4d3329b;PING Shop;816-455-8733;Southern;Domestic
5950ded646e1786f540fa8bb8d9bd76fcda4a94bfdd748be8b1dfc00c008bde6;Tartanchase Shop;816-455-8733;International;International
670d624f3fe629510c9107392e0f559e30f5b27119919937b90371c02235c220;Emergent Shop;816-455-8733;International;International
10f2375fed7bc24dfa733a2a1cd260dc0efe5842a74c9c4294946cf5042127b3;Active Supermarket;816-455-8733;Central;Domestic
129679452495435dce8b1de23cce810682d6c96b1b6823b77a013902d8974039;ACS Shop;816-455-8733;Northeast;Domestic
707504d706af2418cda00656658fd19f1086e687ac0d52bbe7a79d6d13392fc5;A Supermarket;816-455-8733;International;International
b92315abb65d92a61257c7ca8ff53b980e4866ca518dc00f9c80fa5b33a32079;Keystroke Market;816-455-8733;International;International
7894df962cac6d8f3a9754bdb3a37af62bf72f69ef51a33284a3b9ce81ad4f61;Molson Store;816-455-8733;Southern;Domestic
5a3239a3551ac11a546993e0c11a9c6e215beeaf7af43abe68089c31868c0155;Valley Market;816-455-8733;Western;Domestic
952d08ae02ec41c3bd9286357837ae505974c3a3317690a9a7aa1fbdfc97b5df;Taskers Supermarket;816-455-8733;International;International
a488fbfb4c88731ae3d93c9e297f21026eaa87dd07a7f1ea2a1507c1d37629e2;Aadast Shop;816-455-8733;International;International
31498429ad6d14c3934d06782e3f64731c3f2f0079874c7f0e75d1c0943c2473;iLanguage Shop;816-455-8733;Central;Domestic
a3e74f0df8d1dbd0e00e1cf723a2549eb925cda4f939af574cdcb282c4764669;Finishing Shop;816-455-8733;Southern;Domestic
5136f01fe7c62e4e2823efcc52b127d9148fe93fcd47140d27feec695365eccd;Bigelow Store;816-455-8733;Southern;Domestic
a6111f332c8ca7f1c8ef45bb70c0adeed3d2435d7598018cbce6ac91feb137a6;SAIC Supermarket;816-455-8733;Southern;Domestic
bd2c5a393ff7ea91fd240cc603a595bd91d74469bb199d32293e349b9a4d3516;zNET Shop;816-455-8733;Central;Domestic
1bc44954208b1fee198a0ff465c17e1ceb750808214796fb111c44ffad8c822f;ABSolute Shop;816-455-8733;International;International
ae7d689871544bd2a09c99e87fce0b2b8862c9134c82950cdc6fc7ef7c4c2a3b;Science Store;816-455-8733;International;International
9ae6a89f4c008c36050d6153a93f8f76caee70ca55c0ef9b72b95fe11fea3aef;Filene? Shop;816-455-8733;International;International
a0282b948e7cbfdf33eb2df741a2102b74c5da5f59698c899424280ad583af76;Unison Medistore;816-455-8733;Central;Domestic
0562e37929bc660021c0c918f5918ff6c9b9ba84fb2f3874d0d6623a5d7685cb;Renaissance Supermarket;816-455-8733;Canada;International
5593677666d1c0a2430fc90dacd5e2f8223b62b08691a5df37a1e54489d7d052;Fenwick Supermarket;816-455-8733;International;International
6b6af6395b66b92e4da0335901fe3802ae600dec5b756be5a92e0e0a302575dd;Capitola Market;816-455-8733;Central;Domestic
fbecba9ae9cdc981399a21331a2e38fb80c9215260ddf3869a3c66295aaffed0;Hennings;816-455-8733;Central;Domestic
36b3427b2a8bdf15ac71f2ee30b3b1d7d46a5c06f6e6e8562316f0112fb4be8a;WBM Store;816-455-8733;Southern;Domestic
efa7433c098d7686f1ce09c71484b6c371242f0271b8ecdf4be1e1e34c45d18e;Biz-comm Shop;816-455-8733;International;International
a6042ef8cf35af302c710b85138c8a4dca772456c8a6ddd556880f5b5a9d4751;Teamsolve Shop;816-455-8733;International;International
afa4d6deb59c5af0f4f3857e4248e445c6335874f743fc3043b3c2f17c8fffdd;Accton Shop;816-455-8733;International;International
487bb39d34cd0dd60f7a67dd696bbe3593122402d23a6bd9e9ff441fce0bd315;Texasgulf Market;816-455-8733;Southern;Domestic
f4c25cd9a2e137e54683cca8f5975a1a0e1fd2b614e7209638b47eb5bb684f44;Watcom Maxistore;816-455-8733;Southern;Domestic
bd9c849090dd2691ed84a56bed9513503756b37ea7d380b4a31ac53877bebe68;OutPost Market;816-455-8733;Western;Domestic
e6c2f6f4c3582634a6d3acf3cda044c60cc40f2ff156dd965069d90761ddf513;Paracel Gigaplace;816-455-8733;Central;Domestic
fc29b774da008fe50060858599d07cea44f07fb9d6eb3c24deae57072da71f5e;KAT Store;816-455-8733;International;International
9ec7e1a5a25e8dfcb7559997716f708faf74144ffe21f7bd28cd8d29640f8c24;Transylvania Supermarket;816-455-8733;International;International
82f9ad8933c09d57e7575f82b7f5468d8936e3913a185a8779f7562c8b64b53a;Outsource Store;816-455-8733;International;International
105aee106d2f5bb0b49c5d5b390d175f4ae512672bb694e3f0e57ed70dacd28c;ACME Maxiplace;816-455-8733;International;International
264824d1b4da8cc9c6176484cf0e093782d33223de7b84e81f1e58a87dcaa996;Keystar Superstore;816-455-8733;Central;Domestic
f3d16ed4766d4b28bbf85de6cacc523e43542380caf1d98c904dabfc21df138c;Pacific Supermarket;816-455-8733;Southern;Domestic
4a897f3359c9a5f9c46e67395ddccb8a9bb71981ba02e042a55ae329796410d0;A-2-Z Supermarket;816-455-8733;Canada;International
d87def6725a44a509b6365f3fbf6b71b959e4f5108c8a04ae03579345b3cfc3b;Quantum Shop;816-455-8733;International;International
b4c24d023e562bf97fff40347520645e21202c9100d908586d397a44b7cb53bd;Tailwind Shop;816-455-8733;Central;Domestic
edb823017dabd4c7bf5e944bee35b2d58af6409d22b7cc42b25f15f51e6ea220;Active Shop;816-455-8733;International;International
3eeb15b6fa859f2164c1d2643990b89541d745eb5b85136b21f36e8d325b4e90;Salias Gigaplace;816-455-8733;Southern;Domestic
30798cf83bfd2df097b7c1d5b10eacd092da71e92392408631ad4850878b759a;Pacific Supermarket;816-455-8733;Western;Domestic
89a2f81e482f6d0046dd66fc3d754f8d0f9d339d9a2fbfb2c0193fecc1e4bea1;Hershey Supermarket;816-455-8733;Northeast;Domestic
9d292e74e816d2eac1a7d48d1babfa75b589c8431c745e961f28c84ce38eae68;R&J Shop;816-455-8733;Northeast;Domestic
6bbcd99fae2c001ecd5be5178bc9716eb1cb3f0f1ab264b91b23e6dd3616fd65;Joy Supermarket;816-455-8733;International;International
c5d5d82e3b57416b173f2680c4c0bcdcefca980e6aa6c88ee29f108376c1c681;Boott Store;816-455-8733;International;International
71fb2754e487225516f3d9d204a2db21dcd8e5a95f7ac14137ba0139c392705a;Debenhams Supermarket;816-455-8733;Southern;Domestic
e9fa511c42b3d980e008bc74d4850f1f4064ba07fc8130f730c9198bd018c929;Home Market;816-455-8733;Central;Domestic
953ddd6c76fd320ce54a853e0cbdbc49f16342dded32ddd3ac2136ea37915189;Radio Market;816-455-8733;Southern;Domestic
fd3329578d5532eb65e525f66310692a5ffc44a2b9bb3b0216dfea4b0a6c21d4;Vanstars;816-455-8733;Western;Domestic
18003788e7a4cd389a3c0f72325f17687d6f53ac183b41d73f6a16d0d18938c3;HBS Shop;816-455-8733;International;International
3b9cff38c53cc1663780a726b2aa799c94a3723f81beec0ceab4f070b42bc76d;Helfand Store;816-455-8733;International;International
cd95b45246442a3b0d62b37205e1b2a9eb5d44f6b2931f445d6dd44e5d519c59;Sifton Supermarket;816-455-8733;Western;Domestic
dfde0c0d4c592647ad39e0604a38770bd8b078a7fb155925075c50e4d9cce5c5;HBO Supermarket;816-455-8733;Northeast;Domestic
957fcf00967fb6d91b8e198e03cb9506b1bc0cd7bf99a4b1ad403b0b361fca64;Big Supermarket;816-455-8733;International;International
1ccb8d04730e654457ea35c2369df8b7684922232828a6e579fb17cb58afe672;Revnet Market;816-455-8733;Southern;Domestic
da2ff87677c1370dad858fa2abb91c98c152a5050dd1b8fe4f98707b8e625587;Cam-Built Supermarket;816-455-8733;Northeast;Domestic
55becc96bd7509f5026b5e7c9fd14fa719a65d330a0ed8a617f80b6bb1c5743e;Johnson Store;816-455-8733;International;International
d8415e275fc39050656f1c46366ba5b0d4cdac26d0aa4c471330c37a3992ff54;G.R. Supermarket;816-455-8733;International;International
6b872af1213cba83d2c56874968def4bd81b90cabb86bf927ef55248c9882740;TAGnology Shop;816-455-8733;Central;Domestic
d5cf98d414ab318992473d9cc8a7ab8864f665c625ee3ffa5841dbfb3cce16e1;RealiDyne Shop;816-455-8733;Southern;Domestic
02111fb5aca3ec4b0c3ab02e9fcdc0542fcb2ad86e27fb5c152758b01ff3f5dd;TAL Store;816-455-8733;Canada;International
a9596672c9e2df0b5c80dddf238c5f0717e469c105aa84acffab6005870599f4;PAGE Shop;816-455-8733;International;International
66b250f81086329097097e876410dd9b7313de973df47b6271b1b49084147c5b;AccuCom Shop;816-455-8733;International;International
9e385c60a55e80ba66f6b0c335ee70e21e7b2d7c2b2dff117ae97b9eb20af983;CAM Market;816-455-8733;Southern;Domestic
f0dbd58c3a2a9ea323f8e67f69d45eba17da130ea1e02d06b940bb76c50ea7f7;Felidae Enterprises;816-455-8733;Southern;Domestic
32a4d9599016a875f40e7db58bdb9e1b4d7e118e2c4fcd353107c9c115976626;HCHS Shop;816-455-8733;Central;Domestic
ad3ac5637c203bfa3b926b5c1570de98599c8f4d791ef8d614df9b1e93dc2c06;Bitstream Shop;816-455-8733;Southern;Domestic
4533e8a94e35c86471bd4ba1131165efcfa17d297c93e5933ae49c7cf5e4bd86;Eloi Supermarket;816-455-8733;International;International
58baa40c536ad5e0499258f9468b4229d5e309e30a79511185a720a324d74660;Vectrix Shop;816-455-8733;International;International
ed00cd3da22fc181a440106d6d1c60801df1979f0492c2d718df3db3702bda69;Cambio Shop;816-455-8733;Central;Domestic
437d42179d7ed3f60839a9dbc3a6be2c57629cd2caf87857c8cba8feab89b181;NECX Market;816-455-8733;Southern;Domestic
25e0e81dcad0bd4f382cb94fe07c4bf3eae259b926356559647c21fe6b2c9d52;ACCUCOMP Shop;816-455-8733;International;International
3add54553b687328e5240662dca2c0276eda0f3de11680d6272aa62b492325d0;Fifth Supermarket;816-455-8733;International;International
225c08dfe7e7eb2eb8cfe76242568970bda86636f238d1b9d428a20050d41ca3;Ganymede Shop;816-455-8733;International;International
ce8a1086a83a1fd7a7a0c0f4f7e9ad17f22d365985a019b5bc17c0334838a491;Bens Megaplace;816-455-8733;Western;Domestic
237667425336caca2fd288d0a1d71a4e55b8fd2dde41dcec14cf888bb05032a5;Pacel Shop;816-455-8733;Southern;Domestic
d57aa0a917dbefa6aae4b326e34d816d0e71d2a67af50121901def362997756e;Gastown Store;816-455-8733;Central;Domestic
066ccd1a5edd09ba9b408081caf9b6a0ee358afa12c42bfc72cc23c7092885be;Data Supermarket;816-455-8733;International;International
d7a89d5b89e06d4bc45dd1ba345f388677c023ae70ca612fa23645ee7a940c4a;Karsings;816-455-8733;Central;Domestic
ef1e3b55a18f1f6ecb3259e969547c1fa15ca90d3c3e8d20bd4318758af329fd;Hobart Store;816-455-8733;Central;Domestic
ae902714322cba58a3fba7870a93761bfec5ba3b23e9daa71233157c038aa88d;McGraw-Hill Supermarket;816-455-8733;International;International
0e06717b2c60c9934c644e2f374942581c7b5483200c4eb1cad803343ac66b9e;NBTel Shop;816-455-8733;International;International
2bbf2821f499c31bc02c53981a6510eabf7243a410e3afda1e35a1c51eed180c;Smith Supermarket;816-455-8733;International;International
ae9d0bd8a5b797b14c5f87883907e4573eb0875eea8bdd049d6379c986ba40d3;Garza Supermarket;816-455-8733;Central;Domestic
d0b357926bd0c4786773215d12cfcec24be0ac1f1d799813701498effaea0c26;Gartner Supermarket;816-455-8733;Southern;Domestic
0e7a16197915ff24912b2992e5ba2bb2eafebd9f78ad74de3ec3d7644ee2a799;United Market;816-455-8733;Canada;International
ff9019e797fb77095069c362cde2b53c2708bdb90c16ebd4e88bb9886e60f5d3;Canter Shop;816-455-8733;Northeast;Domestic
66e1d538c47256fa445f9b8d05695839aa45bd63838f8be72109ed1c3a6f87c1;Screen Supermarket;816-455-8733;International;International
c5223a911373278f8c9eda6351fde299e93b4fd89ba7198550969f5c683be90f;Harte-Hanks Market;816-455-8733;Central;Domestic
8c4043d9ad16fcd872b0bade56e1392961ca212d97dfa9c1529cbc83350239cb;WDND Shop;816-455-8733;Southern;Domestic
2e1d1360f0b9e641e641a7378e094637434e047626fe9c4cc40d43e38c2470cf;DC-Works Shop;816-455-8733;Northeast;Domestic
077169eb0eaacd3b7c8296ac53a0a929f5bb3c3b7577a9828187a79bd8012cd2;Deere Store;816-455-8733;International;International
e9c08d66b201111eba072b7684ee00d1888ebce03faf45af700f4d0a892d4cab;Ready-to-Run Shop;816-455-8733;Central;Domestic
a361b1667194686044ac3cdde9349c859130c4038ae710869942b65ba56d308e;Trust Supermarket;816-455-8733;Central;Domestic
37dab6ce16a14085c4aebd0c89175afc3a195eb72812fe9a6ac4f9320dee62fd;Abacus Market;816-455-8733;Southern;Domestic
bbd43fc19a04dce0a2db9522d2569cc09d3d35c4b3b5945529d0e6e38878ee40;Ethyl Store;816-455-8733;Western;Domestic
37df9c998a888a7e930cf27e18d6fc347d69e35ca354e77b0a5eea4569ddfc92;United Market;816-455-8733;Northeast;Domestic
8d873874737beb78cb7438e4147c0c8eda500766c2087de551274f995813625b;Sun Supermarket;816-455-8733;International;International
18994cb875b92a374a414006813270777df319ad083c51cebaff9688f0c95bc9;Id Shop;816-455-8733;International;International
6f18f01531a61904f12b7402833fd035d847dbd2357af290408bfc899423da00;Abbott Shop;816-455-8733;Central;Domestic
9aac88db34ae8d7e739c43e6acd33eb259e81716ffe0a76d458690fa455d0be9;Gate Shop;816-455-8733;Southern;Domestic
5db9924e04b8e4e3cf2aedcb914dc32884fc19852547c1bfb7df9a5f8617cb41;Bechtel Supermarket;816-455-8733;Southern;Domestic
65057d6f5b996b1ace0bd9a017b37ef43c70e67ef6f5746ad1f48bff5e7eda9b;Tampere Shop;816-455-8733;Western;Domestic
81d74170355a716b2823ec7c9f73ba628c1a28d8517b486b3c6de4d2f72eeb92;Acer Superstore;816-455-8733;International;International
27f86012fdacd8cf1bbbf3add53c4779d1d2a32b308552400e672ea9d9f87c68;DEAC Shop;816-455-8733;Western;Domestic
2ee8867577d9f3410f5a7efa49dae15b6864b6382219470cef8ca7a87c889ae7;Elbit Market;816-455-8733;International;International
347588149082f9bb6edf1f878bb868f8bc0d30de405a665ae0499f50e51def48;Safe Shop;816-455-8733;International;International
142a1cbf170dad35c10685f6f71e03e14a1b8b2538149637e45c4318dd30e8e1;K&M Supermarket;816-455-8733;Southern;Domestic
87422a883578807c63f11f53ee796b1f029056ef7c645e0f311b48d2cec5f9de;J.M. Supermarket;816-455-8733;Canada;International
1d0a440454df9d51f1dcab25ecf80470190b8f6499c13d6ad30a9e70d9359d1f;MATRIX Shop;816-455-8733;Western;Domestic
8f9f580696fcb0b4a86a6bc7e924dd532b04705a58db83a01404ae0277ccd273;Neos Gigaplace;816-455-8733;Western;Domestic
d25f9cf1538ddcf8777a26d60995ccaccb940d1aaa3df4b02d5e01484e9e6694;C Supermarket;816-455-8733;Southern;Domestic
12186f007a496e1c7b9a21c6df31b5c5bf0ab05a426da7cd5c970fae3e014519;GammaGraphX Store;816-455-8733;International;International
1f5a9d0c067805f0f1e04c724f2227992dc78454f1d494b431bfb70e5173dc7f;CAF Market;816-455-8733;Southern;Domestic
1d45f81530e80bb3c792fc05dcf9c67c90788b750e52c973a128919705472c95;K.C. Supermarket;816-455-8733;Western;Domestic
ca353ed2b94c6e4905482b87bb576b3ba3d2068664ec8dca9bf8462eb32b484f;Fibronics Shop;816-455-8733;Northeast;Domestic
056cdde0efd70bd9202c0156ed441fc7537402bbec58fdb3bdfa916a0bd333c8;K&K Supermarket;816-455-8733;International;International
c8e65b887d60e6301b0ffb65d065243d43475a40e3312f886a3788359923fbfb;Accrue Shop;816-455-8733;International;International
750fcb32868bc18d5fde00ef482b6867a81a493438341dfade12b5ffa991ac74;Quantum Supermarket;816-455-8733;Southern;Domestic
0daade4a4390b5842a256c943d7bedca67435429984a0923447ce9260f234f52;Oklahoma Supermarket;816-455-8733;Southern;Domestic
e75dd42e8b8ff1f022756b91facb83045e407828140c05a832069d7237e97f4c;De Store;816-455-8733;Northeast;Domestic
327b4e01293ab9d0c0c9b2d8e6449bd891377218a5bb38775b2f9a922fa31354;Sterling Store;816-455-8733;International;International
8093921c098319d86946086b1456c286e9ebbc7ea823fae4ac2e3f649c03d1a3;Gatierf Supermarket;816-455-8733;International;International
587a0ba3b91a91b4a26567df0a736fc0b5bdd2c750057f49dc99aa94c2f73a85;Maui Store;816-455-8733;International;International
bb5cb474e59bf1e8844f7112846bd86f17e56c81db12a7370a101a2ea1a923af;Big Shop;816-455-8733;International;International
94335a50309865d35e3b8824c78d8a8e6a3db3d749a459df55e574e96dd4a8c1;ScotGold Market;816-455-8733;Central;Domestic
7928ae9c492d67fb31a8e64884f978477f35aa42ad45c11974e1482b304fb1a0;Screen Supermarket;816-455-8733;Western;Domestic
cbd125f8fa8b25c31413b4ac4a82f937f22f9778e8c1f3acaf8f720b94e89125;U.S. Market;816-455-8733;Northeast;Domestic
4c6ca61bb149bace2a7c3633deb04043cdbb7c095722b143e8c04a977468a276;Underwriters Supermarket;816-455-8733;International;International
33112683042c92b06dc6019acaaa3856fed7a62f53848147afb3e1d2eff3dbae;De Store;816-455-8733;International;International
cf2b59d0d5c50ba92436514d4118d303903b6037b4963b6aee21ff006939074c;Pace Shop;816-455-8733;Central;Domestic
889836542c5bc3480a71c04f2c166b1c32086de790adef538b51eed5776778bb;A2Z Store;816-455-8733;Western;Domestic
beb71566a6fe2109452becd0013e4ba9167e2bf89c14867d26156cdf1eb167eb;Aaron Store;816-455-8733;Western;Domestic
f03b595941b6271c92a0f91df5a3ce8370af208653f6331674279c3269b6b5e9;Elucidex Shop;816-455-8733;International;International
2613a9f94f62ebf7c522150938457d258b009aecce3fa2e415193bc7f06bd4af;Ad Supermarket;816-455-8733;International;International
f611f6a463e982ef68ba526bb591d5abaf98760a297065ec1afa19dd51ee530d;NBX Stores;816-455-8733;International;International
91686414f14da8f48c91c6b2c378a6f5e00827540565642709b7a69802e26259;KENROB Megaplace;816-455-8733;International;International
0123e2aed3cdb1e1dd62b531e1a43c014e2dd45ce5dec6ec793ac64444e2156e;Caravelle Shop;816-455-8733;Western;Domestic
471c26c30d1a56e4d6c3c64f688671d2da224624f20fa659810e05639988c87a;Wayne's Market;816-455-8733;International;International
30b634fbe5d8af278f760340225117f8f11abeaf43051bb39bb80069b713b38c;C3 Supermarket;816-455-8733;International;International
1a6add24d883b12786d3be750c588a505580c8ff3d38f94e531e7b4f216e29d8;P.C.G. Supermarket;816-455-8733;International;International
b285451fdf445ec7fefbd17e0b56e1e15f397eab322e8d790dba3d953e372cb1;Xtreme Shop;816-455-8733;Southern;Domestic
19e40faada9d7811da34a678bb34ea8391b3b6fb12ec0e1b769bf68886172f62;C Market;816-455-8733;Central;Domestic
a80830caba1a326e1b44049905cff2f23fa5dd549d99d675604e79dd0c740b90;Venred Shop;816-455-8733;Central;Domestic
c72b3ab03e8351521fe2c2a585496e9118731a366b07e80c3845015963f52e1b;Heurikon Shop;816-455-8733;Central;Domestic
ce86a0c4b6a50db5c9e50e73d5457c7a8d24e72b72b59d3a9fe1b321a6afd766;Icon Superstore;816-455-8733;Central;Domestic
cb414f998ddccbe46dffc5e37238925dc618d46ab15b6a5d0cca41ac6f4d8956;Del Supermarket;816-455-8733;Southern;Domestic
24ff691d713c85305187639cac566cc52d4b3e916fef8e2a0fbf0241b7c027ba;ReviewBooth Shop;816-455-8733;Southern;Domestic
33ef7b1cf8582fb9c8b3a523c2b94440e48d98361923e55798bcab66a04546e8;Sagent Shop;816-455-8733;Western;Domestic
5c15d3248f95ddd2af2ab6924b034d41c9d49eb042caa3e3167a169f22bf32ed;RFI Superstore;816-455-8733;Western;Domestic
ee33f85900b4d69096ef36452c1540f52729e966c27747a37696091e214b23e7;Accumedic Store;816-455-8733;International;International
0fb25f8ad18a69b621192195b8c02f9ddc6305c5e4401c2c13373dd22e2a8601;Real Supermarket;816-455-8733;International;International
a1c947513206c2deab003c8bd2c2db0226491ec4bd52e3c838fc18bc11de209e;Acc Supermarket;816-455-8733;International;International
4750fc439d75e8c66b3480fc7bdb6127a9c89226f15f080d59582c4fe275db10;GURUs Shop;816-455-8733;International;International
4583cdff91229674a07094628c94162db55a2d27ffcc381bc9048eeebd674eb4;Idyll Store;816-455-8733;Canada;International
8669645452dc5f4ad32c8b19ce2fe5f0c441632fe3fc746e6567ee768f306139;Fimetrics Supermarket;816-455-8733;Canada;International
a219353e4b7986fe14d05c38204d9539b6886348cc8ae690c33295432b1a4061;UKnames.net Shop;816-455-8733;International;International
749dab29db508fa3eb82440c18c025885ac62d059a47b3562bf06536e2b8dd15;Target Gigstore;816-455-8733;International;International
709b79de0d48473a89d6cbce0c528901d54ccb4c91f67c137da9f849d4c20277;Day Market;816-455-8733;International;International
01bc5c8eff4bfee6f3f467ef2afae7754ccbb74eba6921b402f477506b28927b;Sage Supermarket;816-455-8733;International;International
978a91a99a321340f82f77be8e8f950f0d35c042212e26321d839b4208f1da99;BF Supermarket;816-455-8733;International;International
53500994a3ec62fc9937638fe425277dc13a335a4f4fda25317484ecb654b0f0;Berkeley Supermarket;816-455-8733;Southern;Domestic
67e7e30e3f8cac8e3259c2bf4c92be999bfe7ed41ace7ba1880a0e69e89fb038;ACI Shop;816-455-8733;International;International
e961c8a0d0464857a47754cadb348d720d42bd0bd20522552b2b01a74bbaa0ea;PageBoy Shop;816-455-8733;International;International
7124d78898a6e791f6f4a26d3b4ea18731c4f08d29a26acbd34b22273044df14;Paraclipse Shop;816-455-8733;International;International
90aef1d3732e16b03a51c6efd486c3d2143f31baf8f2e57d2861eedc633afd92;PagePoint Shop;816-455-8733;International;International
d06cd50912ec25b4262401e33ddd6c9c1e14dcbf7e7a9e0a9648d519f10db9c1;Edia Shop;816-455-8733;Canada;International
d53e6f93f6a3258e8a917c0770df150ef95685689c41157435f65bd8bfe57790;Today Shop;816-455-8733;Western;Domestic
8df7323ce47d200aded3fc731e6f5a68bb7f53e8f19bc672c6873c10a8c02511;Filmotype Shop;816-455-8733;Western;Domestic
b1f44b3b763d24fe7207991e4a15d1a06a307777f70517351ecde26ceab0c3c1;Picka Superstore;816-455-8733;International;International
bbe6ffcc78f80a8dd76b41e3793e788fb624b1fbee8843c649708cc319ec4b7c;Xilinix Midstore;816-455-8733;Central;Domestic
e1173a1b5243d2b28ca6ab41f549c9a00b0af18240a3f1dbdde3344bb7bd12d8;Taligent Midstore;816-455-8733;Western;Domestic
d5f35025bcc503f58a5082e035c151def6f7b0ce3435d4fc4fb4983deedda25d;Packard Supermarket;816-455-8733;Central;Domestic
e1edefa58664ee41aa99a2a39a0b671c729ab6ddd10d3304c5a11dc6168e90c0;Kentucky Supermarket;816-455-8733;Southern;Domestic
83eda5432ee6cb9a2cdd3792d29df307fe55b6aee315dda27b1acb480a443871;Betacorp Shop;816-455-8733;Western;Domestic
b16c9f6453c2264be031f8df26fce2a91a7faf5d09b968ad88b385c70cc08c53;Hoovey SuperStore;816-455-8733;International;International
e755117dcd721236f287cec1bb3ef984f4e5c05f0eb826c2eaa84517e9445af1;Haz-Mat Store;816-455-8733;Southern;Domestic
60907ba1d0c9fedf72c30b99b51f1c16e3807b9d28ca2498623e5cd30c87ce97;Medics Shop;816-455-8733;International;International
3b588e27b7664342aacd3cd874b5bba1280d7dbf0852486eafb80c22d11fb9cf;P.C'S Shop;816-455-8733;International;International
f0491e532ecfa7c6035a72bae7852706f8a7d1193847088247d5cc20f082d166;Harbor Store;816-455-8733;International;International
a58a4823856df673a3bc29866f84a8e03a480be9ef082a4f3c7ad4dc9c362baf;Holy Supermarket;816-455-8733;Southern;Domestic
10192fef3cbbf740bb5f9a47369fdc7ca59019600ca701cea92a695018c23764;Sarcom Shop;816-455-8733;International;International
bc6c24d84a91cadde3f2a52fd9e6c714b747297ed49546ef110faa076bf4b8d7;ySecret Shop;816-455-8733;Canada;International
6e761ebc002c92c5939925cd6a2e8d92c6a8261bddd540b15ff3169f43c2d804;Bizmarts Shop;816-455-8733;Western;Domestic
5e51ed75047ed657672944e68864d5e8cac7155a49a42e6a58969505457ec448;Pinnacle Supermarket;816-455-8733;Central;Domestic
7ec0521116c0e52d3fc91e1c55db91fcaba64ff454b3dad324d58c3448361b06;LiveWORLD Shop;816-455-8733;Central;Domestic
3919ee11d4397c8cec5e28282ca0cb271d2b26b867ad590850deee3a0cf07d95;Finest Supermarket;816-455-8733;International;International
2344e28a84b4716948bd53f63d35d737cf5547b3a2d27c16f97d390f381879e9;Gehlken Supermarket;816-455-8733;International;International
ac0a77d1f499ff714171983672fe968a731c90ab2c79f7013e4684ef1c2cca57;Savetz Store;816-455-8733;Southern;Domestic
83b07f346025db25fd63adff65bba10bf8178ce69e8adbd5af5e4508bfdb82bc;Scottish Supermarket;816-455-8733;Southern;Domestic
3b33af2d28713b55bae2d28daec089800be681cfed6f05aa05f07e6b6957549d;Revolutionary Supermarket;816-455-8733;Southern;Domestic
85873ffac7e08218148eb71a579a4c493fba130918c0ef8f6a654ec7e6e15e6a;hesketh.com Shop;816-455-8733;International;International
f7e7f933bfa0bb72a49217c1b82ac435c4f4adba070462159055140ca31dc1d6;Gainunion Shop;816-455-8733;International;International
263695e85baa24be61fcaa3e50f06c861ddfe0a63ec2c44b62f1e94e4a595c8d;Xcert Shop;816-455-8733;International;International
ca936c7e06a5e9a18a8854e42097a9a089af52e6761419e3936dee874f67f3f4;Pacific Store;816-455-8733;Western;Domestic
6ecbf77a2a50e9d80ffafa752484d96805fd88f98f48e5bd81ff60ce868d6590;ABI Supermarket;816-455-8733;International;International
22e1a0c3dbcbb0455274db62e6807393d8adc919933580f302a5b6cca0d010ac;Whites;816-455-8733;International;International
76cd7416b58ea09304cbff099b73fba3d2b99be7ca9f4a79de9cd5e6efffec58;Best Supermarket;816-455-8733;International;International
50785f728c4178b4e280b44b76036d501f2cd8a35b9193adc41a7aef2403e505;One Store;816-455-8733;International;International
c8d5f68f9d6cd7c7245cf21f037da5048c7bbfc07cf8103869a4bffdd0dc5ece;Venable Shop;816-455-8733;Southern;Domestic
c97ea1fb3cafcc9f8efc80f122bf20eef4c9079f05fc8c4f248bfeaf6da01a73;DDR Shop;816-455-8733;Southern;Domestic
cda5e949267bf6ccdf1ec62f252f36d46b7ee7525f99535a4fcf2ea2fe22598b;Signature Shop;816-455-8733;Western;Domestic
d65f8dd57896980161ba595bcd2d5afb71aff7604a9087f80a025870f719e75c;ECS Supermarket;816-455-8733;International;International
454dc156ae172c9b92c9c7bb5060db7190e3c8d5d9be4b99a93eeacee6671c74;Hekimian Store;816-455-8733;International;International
3e8987a91880731821d7fc13822a38222ab51d06d8e0636f6db23f86db164494;Saturnus Supermarket;816-455-8733;Southern;Domestic
6d94c0627e42107cd96002c087ad5376f40547d816a95318e82699232e846baf;PageWave Megastore;816-455-8733;International;International
9755cc44d28ef499f1fa03009e13d21f887116f2af9ba75d9e1ab4c7a1059fad;Maxwell Supermarket;816-455-8733;International;International
0066c5406e16eb1a6032bef23f0d92f469101c5eba2ee21023d62910b06850f2;Lamson Store;816-455-8733;Central;Domestic
3ecd4dfcc5cdf40132fcbebc67601f68d574a5e900991753e5a0a4ec86c6035e;Kim Market;816-455-8733;International;International
3d9284dce3f56f2340d0d34a6c341134e017b738520049919bb285011b4ff138;EDP Shop;816-455-8733;Southern;Domestic
6a359d21619c8fd0d1aea65469c8fd657196efbf29168d54820d7275c277f569;Stone Market;816-455-8733;Southern;Domestic
775cd3ea5410203fa86481494a41f6c69e1c5143e6b958ded17c671172f8429c;FIBERWORKS Shop;816-455-8733;Western;Domestic
ba0cffec3e7fb708d56cd7d66d3ca2fe3b6b6a9fcf66465ac99bea48e06be3f7;Ping Shop;816-455-8733;Southern;Domestic
445cab963fb1cdd1acee325f7c12d45300f52212d318895816660346aaeaa4f0;IBVA Shop;816-455-8733;Western;Domestic
f279298db5588991d02f3112933abc22e91ddcd81bf074274099d6ca873d4d16;Ra Maxistore;816-455-8733;Western;Domestic
9fb9878f67415e9dcceb736f40c58a58ed4c6d13832e97a743295de075aa29e7;Sigma Supermarket;816-455-8733;Western;Domestic
ac65cecfde4103c01772ceb554e9d6a237ccfa2a35a1f59fe85fe713e1f8faab;TeamStore;816-455-8733;International;International
99dfd5e15f6dc5a36bdd8e326a0d685711b18e4ab862430159f4fbf6413d7ad6;Hewlett Supermarket;816-455-8733;International;International
c2759e79e34fbde8ae2989c7f430cf1691c976b073a823a4778e8dcc4f9adb6d;Pinnacle Store;816-455-8733;Central;Domestic
4c72f5c92ae2ef4da89a857b0fe74b5676a4cc954ad88ffc69ea720523e78168;Equitable Store;816-455-8733;International;International
a2aee0ebf2788763803252093c0e01bb8c9f9ef6b8d192fcfb5309301f88a80b;Gamacles Shop;816-455-8733;International;International
515fe73ba8300c14619e107d0de4e1f0a0d3f5bbd38431fb4f8f12f2b22d40b1;EMC Shop;816-455-8733;International;International
e3289da2b8e272574acc1cc531d779bb4bc4feb7c845dc29065710b877028c14;Labatt Supermarket;816-455-8733;Central;Domestic
0a6196dbad4396bdd17ea9f5f2193709c4c8afc8539190d21578b190fb838a55;Zephyr Shop;816-455-8733;Southern;Domestic
01f0550617435831f3c16a4130289f7570dba1ec4b5312f43527a67d2f0a3975;XCOM Shop;816-455-8733;Central;Domestic
dfbd547205f3e81c2ec4c28eaef56ad0762bc04e4cc065fd6bae6530bbdde726;Tampa Market;816-455-8733;Central;Domestic
d8cafbc212a68e152d48306e4a03a8ef9e0fe67fb596e700eb7f19f548835794;Soloman Market;816-455-8733;Southern;Domestic
8cae2e9a49e329ec6460bd07d44078f0e73dc76b47e7bf3eff26e59f25844361;Finder Shop;816-455-8733;International;International
7a24de57d057b9db73cc556fe09a0e97edf229218076ac8badc637075177ab41;AC Store;816-455-8733;International;International
240a07c1b937389cdfea8827ba7c0dd1f0273459e50b55d285d6c9352980e7a3;RC Market;816-455-8733;Southern;Domestic
a916c9a5e958ed641466ba24451e744a5d42342140a2d370ef635b140210184e;A&G Shop;816-455-8733;International;International
6d536d600a354ba76e47509fce16df46102d0345b0323586237321bca50d03fb;Cadtex Shop;816-455-8733;International;International
afa9ccec154082afffcde9be9696d16c9d1e3a683754cea6afbd98876f9631dc;Tangent Shop;816-455-8733;Southern;Domestic
43580d7117ed79dde99ad459901c632162f2a943cbf5ad3989f04f3f4a6eeb60;Xyplex Shop;816-455-8733;Western;Domestic
1c3c9901bf7e5a5fd279c1eb4fd0daf03be7276ef1c619e729ed5ef3370a0013;Times Store;816-455-8733;Central;Domestic
078cb163e30b472ec5782af672119f309b9b4a6b4865aa87270376d3a350dd8e;Laker Market;816-455-8733;Western;Domestic
3c5357a55c8b6f74c07ffde5317de6b27c7d03d85803205fc384942c37ea4967;Farmland Supermarket;816-455-8733;International;International
cdf86633e17dbd55c069abb6fee3f1349da02f1ce2088833e2608bede5e10e79;David Store;816-455-8733;Central;Domestic
d004d7cbcfbf626356074a6b7d561a7441b33359b8b02f052fe3c4b87c851eb8;Bounds Megaplace;816-455-8733;Southern;Domestic
b9545d369d60121dc5d0eaca6834a7feb258bab42cdbcf6096984dab1249dfbd;Taos Supermarket;816-455-8733;Western;Domestic
f152b8c8147c42111bdd14e0c9f2f593b8efeb057d8bf0ab5403dfcc6443708a;T.M. Store;816-455-8733;International;International
e36d773afff16a116ba3e389a04eee985af0970142b915fe2928a4d8ae47e8f0;Hidden Market;816-455-8733;International;International
03fb0e7ac8a465e71123021b28c0dd59477e2f7373318723b8f964dcb39a2dee;AccuLAN Shop;816-455-8733;International;International
0ebd06b563d967c1766cf4acd302ba83a49d3ff63fa946b6825b71280cf2168a;Hill Supermarket;816-455-8733;International;International
b8691b1a9968fef3ae3dbfe4edea73b4c254909af199d0a269a20156ba2c40a1;Onestar Shop;816-455-8733;Central;Domestic
73eec810f7e6048ac4110af749078d29b96601dd1956ed65783e12a9e4ad9c25;Mersey Market;816-455-8733;International;International
4d0ededabe8f67f1937c3aefb048688366c8fbc1f7e5a5c4080be0f400648597;Central Supermarket;816-455-8733;Central;Domestic
7e9668fa3e1747a34dd2320ac7c2ec1ea3cc4504c842645e6c7cbd9c3561d19e;Aaron Supermarket;816-455-8733;Western;Domestic
4570414d75fb2b971c191779c1d08efe7372cb1e2d6a647ac4c68e06c70d4811;Pinnacle Supermarket;816-455-8733;Northeast;Domestic
47b6f1c134e530a98efd92608d926cd4ea8f69bd8bc3db5275578870eee0f3a1;Filetron Shop;816-455-8733;International;International
8b7e96e448e0d2810d33e29eb2fd18055dd45e3ac33136da9e1ee3c54413126d;OnDeck Store;816-455-8733;International;International
26e17c6679ea7346b373591b2779479f44dd65ec62438c5378337fe85f4feca3;Icon Market;816-455-8733;Central;Domestic
2fe6320acfd89257b2bf8ca2f390d59f51d4020f7c21fe3cb90ae85932c1a806;Xentec Shop;816-455-8733;Central;Domestic
a6839b0223b40c2a78f2b579e0773ec999010a9ca76c0c8da7c066d944510c08;Team Supermarket;816-455-8733;Canada;International
5074a362a63813171922404b97f1a05d80602209f9ccc55a461f9079824f6773;Brinco Store;816-455-8733;Western;Domestic
4021d0ddf37329db1a8d5bef6aba9b59655b166ea4422f48a67a724487001287;Action Supermarket;816-455-8733;International;International
93ffd9ecf42a3fa8ea03458ad493dcb7747240c9ff7aa91d2e7933860b3fb9f0;Champs Gigaplace;816-455-8733;International;International
9642388d2c36eccd83fc04a8eccefcf5b5cf380838bc59d125c7c755c43e16b6;Quantum Supermarket;816-455-8733;Canada;International
74d85244dce07e2085d75812c5752aaf045d4bde79030097dcb55d682b43ab24;Accel Supermarket;816-455-8733;International;International
befd999de4003140371cc6932ab532402cdcec27fc67a111baaf58f61913a0d1;Gammel Group;816-455-8733;International;International
acdec4135116a967bf7487c1966a14a076963ddf1c673c95200cc0835609b584;Ultimate Supermarket;816-455-8733;International;International
4214470278390833fa1f6f2cfb85d99b0fdfd6a1b86392db53cf216b368b2f5d;Zentrum Market;816-455-8733;Northeast;Domestic
60bdb59ecdb4e57d6e912c85d020ba339267b539ef39eefd91aa9d48d401924d;Caprica Supermarket;816-455-8733;Northeast;Domestic
f2bc4768f7ce4c2fb4b31a22d66433dd4d8de944661159c35c61230b1cf5ace8;Grove Supermarket;816-455-8733;International;International
e7feb21386a5fc0f61be3b9e642b35b081141b581293c2bf4ae39418ae9d9cc9;HCS Shop;816-455-8733;Southern;Domestic
ec41a11c49654a92fc4f190460bfc60256956895bd0afb7d509c5712a002dff9;Total Store;816-455-8733;International;International
a487aa717ba5d6a4586ebd356cadb9a87f443b703e751a9ddd20afea06e4d846;ActivCard Shop;816-455-8733;International;International
c5f2e847d6a128d924d7c6425160b91a696b51cb6a2b87e4968ca418369ea478;TICOR Shop;816-455-8733;Southern;Domestic
0e4ed37baaadd25d8e3b7534e5196b1384de325d6368da34c337aae93c7e5845;Tanager Shop;816-455-8733;Northeast;Domestic
0d3b6d384d327513f4261e6711b315496087627a985dfd18131562c2615dc2b3;Zilog Shop;816-455-8733;Southern;Domestic
95259a1f69c12c151d510df1b56143be96ff0456f3f77717628ce72b673d301a;Tandy Superstore;816-455-8733;Central;Domestic
753cea2f8a716cd55ff023d7ab43c0d594c9c434bef17acea409d2c681f173da;Harbour Store;816-455-8733;Central;Domestic
7b77d85d9375e94c2238fb1e761a9ea72df07c088df73c12c57587000d2cc36a;Zitel Shop;816-455-8733;Southern;Domestic
28e146d620173dadef8edc2a3fb8c1826c918e97002af136bfe9691cddbac442;Chas Market;816-455-8733;Southern;Domestic
e52a0d8cd30d7887a60d12c7da40c7f303524d259593fa8fe94c0bc452c08b12;Output Supermarket;816-455-8733;Northeast;Domestic
c64a0d8f7f1e1544dca7bbf53a2dafb34498232649618e18d92f4a966470ee1e;UNIS Supermarket;816-455-8733;Northeast;Domestic
8af77462d45599f209dcc5f7a522c19c20e8615188510f689e36763f1a9d9894;Kari Supermarket;816-455-8733;Central;Domestic
63380810b8806d0092046086716dc5ffd38b044fa61b3b4f240c951b56bfd52e;Pacifico's;816-455-8733;Western;Domestic
645137cb3c65b4606ebc67ee71784d76b6d864eb0a399c0be38fcad0c1e2696e;Editor Shop;816-455-8733;Central;Domestic
08902813933d85e837b7a6b2a1aca080b3ed6971f3db30400963d0d63838dd0f;Hederman Supermarket;816-455-8733;International;International
aa49dc8521f6f98346851906b5437b9c9b934084ea1157f72a52fe87130d330c;Pangaea Store;816-455-8733;International;International
6b56808a4c29ddaa96e42a0eb14b0f297f1ccab1244f7945d74ef6c4c29c7cd7;Edorex Supermarket;816-455-8733;Central;Domestic
e210686249f12a9a77ab2305b299e9ecba6493f6106b512db6b42cc5a450653f;Southam Supermarket;816-455-8733;Central;Domestic
f0e839f8b74567033bc58142df4585bc638159ef6defb2336b94b93a84010cce;ZipLip.Com Shop;816-455-8733;Northeast;Domestic
ecdc56c3baf463985a8ba826163a3ddb584cb119ac779816e8e1436e1951b503;Ventana Maxistore;816-455-8733;International;International
54d97480e3382ad6df9baff0ed151f5416a32bde8024d396884df8ceade7b3a3;East Shop;816-455-8733;Central;Domestic
0de11a2634f6e268f7665cad2a1ae7e1f7065164ca083b1c469c27b8308a57fd;Harvey Shop;816-455-8733;Central;Domestic
d884bc9b9cffdaccb0b11cf8afc4226e051a9850e2b5985856f7059ba283b1b4;Farr Market;816-455-8733;Southern;Domestic
8d8f969d83e30da0e66c94108f899f2cb479e9dca31f6e056867cf0fd2fb1fcc;C&C Shop;816-455-8733;International;International
f03a3a1db89949302132cde0dbbd013fe0a5973421c2e22e139ef12eac82a5d3;UBF Shop;816-455-8733;International;International
25bbb65c91798e7e17115ad71b29d66eefb8e865eb7d0c9d5b27521bfbeaa8ea;Associates Shop;816-455-8733;International;International
b01d3dc12b67731539332683d0999efe935e551550f3fc4b2a07b9b721a85a65;Fins Shop;816-455-8733;Central;Domestic
1cc6cdb077ce7174f55c1caa464c7cc721774feebb7dc17a792c35d59c587ee6;Southwire Store;816-455-8733;Central;Domestic
87e679ef54647592d4ecaaf9025de16925005a8a822366c1b92c2176ca0f5590;Home Store;816-455-8733;Southern;Domestic
87ca7fcea140ea1c1d0a4035f9db978151851d561388974e4f0ac7a42219a537;Clearout Shop;816-455-8733;Western;Domestic
532bf46d264aa4a970ef6a058c97b6dac8edbb4465a10a23429181de64b6b42b;Ubicco Shop;816-455-8733;Western;Domestic
bd651a6b3176f916b3fe4fdc93d900babe6a5c421a10bce82f1b2a7d6189d435;Kellys Gigastore;816-455-8733;Northeast;Domestic
cc8fccb9c4690ff18547d3131f21ca7f06bb664149ff5fd6c0f14fb2a4e3a11d;Jones Stores;816-455-8733;International;International
bd0259420e53f38c8d656ecc26a7b0fe188d6cf35b454da17dd0802cd454fa6c;Lewis Supermarket;816-455-8733;International;International
6b197ccf0c74d6f93e81719f93f180c98bafb87191d1999460f7ba5a8e2e53fa;G-Com Supermarket;816-455-8733;International;International
5d854bd89733c62fd9034b73994643d9d2ec3d53667798f28a93e23e7721e758;QualityLogic Shop;816-455-8733;International;International
22ea1c3733070f203332d43b0bb472eda7af584911a41d90ce24b5dbf7a1ae90;Your Market;816-455-8733;Central;Domestic
bb18423e68fb8f8ae99715f94e55d4a5c6eba86d7b0b6a9e4ad2a24016fcbeaa;MAXSTRAT Shop;816-455-8733;International;International
8191280f72e4e7e5d4b883d3e54bd84a45218a6cc41e7454bf64cd601e06e331;We Market;816-455-8733;Western;Domestic
c2cab125547edcbcaed6b6516d2129e84d163d06af97d66ef5d6fb2ae50a6b26;Bibb Store;816-455-8733;International;International
308e26f402efe30e68a17c586232db7b758310478de314b6c76fda6be455e4de;K Supermarket;816-455-8733;Southern;Domestic
64cf9e0142d3f33900adbd178bef035af570ff8ed8bf4fad4ca2bf3ada7dbf72;R&R Store;816-455-8733;Western;Domestic
e3bedcfd80895da52e08f9516bfdfee5938a52e6016e036d85c7cf656272eda7;FiberPlex Shop;816-455-8733;International;International
3e0a4c349f29de98ed4c0d88acceedc62e93b59c3c8546c78f4df2160a301bc0;C Store;816-455-8733;Southern;Domestic
a4798a8168a143d4944606b9c8fffad51cfe604491ee3bcd358bef54983a30e0;Livermore Store;816-455-8733;Southern;Domestic
14d8d6922c943233dd1168fffa7ded709525825c8b896754cbad2b109354e9e5;Livezone Supermarket;816-455-8733;Canada;International
2a3d6fb667e09618b4dc6774b6aacc0c3b387cb35f3c1c2b3288837aa146cd08;Hauppauge Supermarket;816-455-8733;Western;Domestic
7de76ff7711ff16d3025719f2515e8bae33acc7e7dd32d41c196b3a7e7db5ffe;Bendix Store;816-455-8733;International;International
b676081750bbc7d942448e1383ab1ef6c9d75cb2ca01f6c1edad5813d124a93f;R2J2 Shop;816-455-8733;Central;Domestic
98e0e1cc4d5fc46f0fe6f217125bfaa0d62add88aa1afcf0133cf8ee84e5b0aa;Road Warriors;816-455-8733;Southern;Domestic
b7d9bb4a0214b65611a7b82af169083307fea9956427cfc85216da6fda640a20;Kabbalah Shop;816-455-8733;Central;Domestic
4b4536d82b270135fdacc9d73cbcf6d88a16f0c4eb262567fcbbf0b8f67eb0d1;N.Graphics Shop;816-455-8733;Central;Domestic
21783f0dc1bd11ff1717eabfba563bafb32fa1b4c0fae0c8c638c394e73a2417;Active Store;816-455-8733;Western;Domestic
bc54a08ea3abd1607209e1c132e1b710af01741f6974c928302134cbc37e62cd;EDA Supermarket;816-455-8733;International;International
64ef2997f80e2249183963ed732476ba25434e44ccde93dc9eec7b6b7bd97254;Carden Supermarket;816-455-8733;Central;Domestic
d6a8aa2b62727de9f81063c6a8b11b72ec819f761c9d2d09c853e8f01b1dd249;Salamander Supermarket;816-455-8733;Southern;Domestic
13710568d1f472199de1a23cd9ab30b91f85721171c6fcb1e1b1fd862bab36e4;Tally Store;816-455-8733;Western;Domestic
c726afae983c2ab76dba54ad23f7e89761c26dc02541472598d3de3da513be70;FireTrans Shop;816-455-8733;International;International
2232771cbca083d5ddd93d89afb5f42e6485677265d2e19dbc66d9f985f5de46;Besicorp Shop;816-455-8733;International;International
bae5c34af7b847661ce5efcbafa0036b9e6146514feeadf25fc4502748b8faf6;Edna Megaplace;816-455-8733;Central;Domestic
4afa3e488edb101f6608c2e813edf2e85ebb60e6e7b36885cd667ac6e0f6e5d2;UTStarGate Shop;816-455-8733;Southern;Domestic
6fab6ca2f427e9842af76b5be6117edc4e84c0b443e27f51c7854b957e8a6fe2;U. Supermarket;816-455-8733;Canada;International
b02862312cabcf8969366148738bcdf814ea75f7679244041e187812ad16afa4;Zeroo Gigastore;816-455-8733;International;International
9e172aa7a6db3d43e3fa3020274c4d4e66f0c760fd84457246f99f8c022cf52a;NACSCORP Shop;816-455-8733;Central;Domestic
b5e7e8de67318c4188a1aefb183a322884c4775a722e31e87a3f24b7369c9c84;Home Superstore;816-455-8733;Southern;Domestic
cca1971031905a758009649063b2dd66f452e35d2be3cd86c383c9690a10cd36;kGS Shop;816-455-8733;International;International
a5bc6a1309e7a313e7de9f9dc968680aa5b6da545b7025d2f7d5ecf46bcd1946;Reuters Supermarket;816-455-8733;Western;Domestic
5bce1c13e6dc9aeecdb51d28c1c96331249c16fcbf9bd7a3bcdc44e87425465b;Valicert Midstore;816-455-8733;Western;Domestic
e1b4ebffc423af65777db00708391513ad3086b34b25f506f902d43b5fc2ca94;GDC Shop;816-455-8733;International;International
c9aefcf4db5a2f53507528a3b274d02da1869219181d178475557e4207d53c88;A-ARVIN Store;816-455-8733;Central;Domestic
53e4b1b41fe55616d8b0d299d6c92282e91e07c654a674a6186819ee4b9099ea;A&B Shop;816-455-8733;Canada;International
992679e9219462548aaceb0f03ac1e00dde067ef61af0bc0ee959a20cd5f6b81;activeDesign Shop;816-455-8733;Northeast;Domestic
78544441ece8827904d181966d9218d1573810f8180cd07e2a5b41420ea779f5;High Supermarket;816-455-8733;Central;Domestic
4b0a3d5387af45d7c038025162a2ca375d3c29cbab92206eab95527a5c967e81;Illuminati Shop;816-455-8733;Southern;Domestic
ea2f987c6500ba1c3f4de49f65b58b3bfe94327776342adbae2a717d846e0f02;Todd Supermarket;816-455-8733;International;International
c32a80f004b4ee921274433b345df9a010f376818e99b8dc4506b2e4174b0198;Gamma Supermarket;816-455-8733;International;International
576ae67bbc3857f9c4b795b4640169c8cf82f2d1a08829ccaaceac514e1c28c1;ACS Market;816-455-8733;Southern;Domestic
7f0c4198e08d858c3fa367c0929af907ee34349f06ca09cd8719c081019f63cf;ACT Supermarket;816-455-8733;Southern;Domestic
88391fabe091de3be4e92fbabf4e8b33fc35bec3779ed744563987cd10deb7ac;EDGE Supermarket;816-455-8733;Western;Domestic
5e4a588e707d614ab1d56c17e4f170a62708227767dc127e665a00db9683b363;Garbee Supermarket;816-455-8733;International;International
965e279ce08f40496f3fc3bd29f15b97d97b6aec8afb331c8a2fe91e054a0f96;AccessWare Shop;816-455-8733;International;International
fdab0d248bb45c348b7603931d06c009dbc667ecc62bb7714bc377577d1aa961;Satyam Shop;816-455-8733;Central;Domestic
f26af43de701b36b8fbd4bb545165400cc32cd504342d812f90c48125764b070;Debian Shop;816-455-8733;Southern;Domestic
1a012efd653d9e6e78c1c226d7f873baddf5d0eb0ebcdfb97dec6f5027b8b204;Benedict Shop;816-455-8733;Western;Domestic
cc9bdcb6daabf2b2266c677b1e4e17aebd3b4988bdde8d617f4083bc9400b5a0;Litton Supermarket;816-455-8733;Northeast;Domestic
f94d4870d70c367668e6735b7b2c6e25e3f2a120e6fba445cc9cbde75fdcb879;Brazilian Supermarket;816-455-8733;International;International
109b7ada404190bc28f82dca831c99b98aa9c41e5dfa435a6279c57f2717e463;Onetouch Supermarket;816-455-8733;Southern;Domestic
fe99763dac4bc731b9bba08504bdc77a49c2375c5a11c9337fb9fed501a1eb8d;AA-Wizard Shop;816-455-8733;Southern;Domestic
4a5fad22e5e633995186293d1940ccd99a5161d4c33646e0f13a5f24d3fcae87;UniForum Shop;816-455-8733;Southern;Domestic
3158c84e531d5278c99606abc36fd5f6866da708fafee6556150cb38ea77352c;Harts Superstore;816-455-8733;Canada;International
b90c282685fc02e166bf74764d6de1d9e79a54fc3de51666add8d4278a99d9e1;Dellovade, Supermarket;816-455-8733;Central;Domestic
a025f3adcf52221c34a4ae5cbd7b476d0f75e1c5f59a0afcaef4793d2a2482d0;Homestead Market;816-455-8733;Canada;International
6a8ba27d6480be5339465038d4e75fdbd277b70e57792d8e8373bd034409d06e;ediSys Shop;816-455-8733;Northeast;Domestic
91e01481fe9e98786586736133ab90de093b5085027c305d651d6ac7f20e129b;Onebox Shop;816-455-8733;International;International
d4131362e3cff6c8c866a1f0cf841692b1c34d001546b00743340a4836d92865;Caribian Supermarket;816-455-8733;Western;Domestic
950c33a8f50bfd80c26aefb0103ac2b0deb6583fdad37877d7564c4ab5dace1e;Teamaker Shop;816-455-8733;International;International
1835090f77fee1bff6b1894396d2fcc967b3d2d319486bb11cede03ac382ca8a;Acara Shop;816-455-8733;International;International
c508f6e1e6b1d07bdb3a6a1cc797a641b443540d55354bf24449fee3afbb840c;Federal Supermarket;816-455-8733;Canada;International
dcebbfa9b980080a57f87cf86e79183befbfc43bf4ab4297ab8427fbc6fd0fe8;Panzl Shop;816-455-8733;Western;Domestic
7f60415032fa592c3c457ba757be0f1842418e6b754025f6cf56c7912f83e09b;QualServe Shop;816-455-8733;Central;Domestic
8e6fd6d29e7444b95443bde74994ca164f639ca69ca2e3ef26c29d4beb034019;PageSites Shop;816-455-8733;International;International
ef5de14e08b737b281c424029051abfe11b6ff2632b8b7b0c5279c4c39fa538b;Trend Market;816-455-8733;Central;Domestic
42d2121204f21754765767bd11f64f0214847d870b91dd036d1d3f722f66bbd8;Unitec Maxistore;816-455-8733;Central;Domestic
e1ccb8d29bdb3d3e9f5c58e2c402bf6be8d1afdab1449745d3720a0653e455e1;Valpatken Shop;816-455-8733;Southern;Domestic
20bd1c07f83c3c0e7cabf2bdb060edfb03de73071ad2145c4db18deaee23c4ee;e-MDs Shop;816-455-8733;Northeast;Domestic
e616fb43061afc3e0508d36299aaa609b126adff5f3b34c51e6ceafd40f37a28;Talkland Shop;816-455-8733;Canada;International
a0d8c1a6f1bd49c561046465dacc66186a688021350645b72b33c7cb931c1ada;Edmark Shop;816-455-8733;International;International
a4dd65570e07817f155cb3cbf57e6f7a72574b567d0fb259ded7280ad602ea42;Geac Shop;816-455-8733;Central;Domestic
4414c6c1de5a4c2b72952453d0f9acefad0424e7f77c9423de7e996776111a1a;U.S. Market;816-455-8733;Southern;Domestic
b9c9afe82037726387f35469fd15902759e5827e16214075cf81284b9d7788f3;Gailey Market;816-455-8733;International;International
375b0af79e15b321b0a00e341a93b0a700be7fc1a0758cf7197e843f97d0a572;Grumman Market;816-455-8733;International;International
d9f4abce71aac28f4e07ce2c40d7598cc5cb4e7a52a5059cd4661b13105772db;Talarians;816-455-8733;International;International
6dc7c788a0f5249b60af642e5213695a4916658947426864bc42496fbbc32960;Koppers Supermarket;816-455-8733;Central;Domestic
29470e6a8e746f8bd1d0e76e2e90f213adeeb1f1acdb2b7cdcaa247f29117145;Harvard Supermarket;816-455-8733;Western;Domestic
363cd474c1986b5840369bb5735a08d83d240ee28030a26db9566dab23f36f36;Rdlabs Shop;816-455-8733;International;International
e023b076c8aac4f1012264edcfb192d98b1625cca6694ff85025f922888d909e;SAT-SAGEM Supermarket;816-455-8733;International;International
9d662f8c15f407f4b7a345d19aada1b54c38cb7485812834aebfcb0c6fa64820;Dayton Store;816-455-8733;International;International
bd764268e5d510bb6891b29315e80b8a9c078482d75aefdcacecbb79acef7f61;Abplus Shop;816-455-8733;International;International
bb4cc279eaf7745a2747c4c7d23dd94abdddd671506bbbebffa1250f33f32dae;Toledo Market;816-455-8733;Central;Domestic
3ccfa9c91c4b4c6b60c9abc1eb8aac4ea88382558655b08ac82384126350f3f2;Ottercom Shop;816-455-8733;Central;Domestic
b616e967c6143cf33ea46f04ca8f1698f312cf61a065ce32bb916cce7caea5ed;Iconation Shop;816-455-8733;Central;Domestic
5ef507def76c33ecf4356e153b736dfc9dd5f5b1f27eb35893bae9ad03f9db73;Meals Market;816-455-8733;Southern;Domestic
90a7bab2f7144787d004096629d0e1f48bc9a16320b0197a0f85a5a67f735bca;Degolyer Supermarket;816-455-8733;Canada;International
7c97644f5efff78716c55639ad2ced6f8fcbb8b0340003e9143ec49c309323d6;KentISP Shop;816-455-8733;Western;Domestic
bf4b5a0e057e7057d831d1a899e13f9ed627a1e6916dc45dd2ebd6c932ebc326;CalComp Shop;816-455-8733;International;International
d930f5706a92c4f31ec21b490a75fd11a8c0e2e8616d634dd906bbdfc1783648;Bien Supermarket;816-455-8733;International;International
fa3740abb7468ca6c6857ba95388ef2e0a2a8b9a6218267f09c0f04c261d4d7f;Gebbie Store;816-455-8733;International;International
3dbfe4275c7dd6ec71e6c58ef5bd856edd6664b23811df8984b7aafd7d334cc1;Reveal Supermarket;816-455-8733;Central;Domestic
93d02107f0f9f9fd685d5831fc0d906e3efeee10cb11f92d5c662935d8aa5e78;Ilog Shop;816-455-8733;Central;Domestic
eac5fc250bc75438c5945e022047f20f579467cee959f05124fee9512b357b94;Papyrus Supermarket;816-455-8733;Northeast;Domestic
f4bfecbc643a229ea9923c1aec1e7d94f13e32bb950a20fb20d11b9ec960f371;Beech Supermarket;816-455-8733;International;International
484220655d12a37f1e394139023643076ed4e321664c6629c4932d8f9a9e1940;Patton Store;816-455-8733;International;International
8ca5bf999f0064062464091c3d34153d595aa09f2ab54761b65f9f0f88a1119f;Abbotsbury Shop;816-455-8733;Western;Domestic
193872038eea48db8ebb4d2562e3804f972e863ebe04147b7fdbc1e77fa22ce9;Dayton Supermarket;816-455-8733;Western;Domestic
a162845612aaa39d74a9f8454ce6d124f2a1dabab77fca363163cd2a9c3b6740;GateMaster Shop;816-455-8733;International;International
034571eedecdaef32328875ad19e04965cf3387ae535dac660736897ef85acd6;Borden Supermarket;816-455-8733;International;International
f05a63d8ae5a11039fb315a172a6a3c18349668bd5a399cccf46317036fd24fb;Take Supermarket;816-455-8733;International;International
9d0be674dd92d71792e5bac28dd068ba5aac10b2c90c1c1620ea4ac1f40b6f5e;Calypso Maxi Store;816-455-8733;International;International
676688d8f8c7bed93b536cc35d14db0279bb211d5bfdc4af1653d7f615a2684d;PacificServ Shop;816-455-8733;Central;Domestic
8532cf953f16ca78fd4091c9aaa292e5bf4374df937cc324f7dba641be3fcf74;GE Market;816-455-8733;Central;Domestic
26818f19415759a67ce77cda7bfa868a09dcaae14071d0c21b66a9a694e65031;Zero Market;816-455-8733;Central;Domestic
65d73476a729cc831feb2d5f9a7b45c56401461f422756e9a18fcf0b917847d9;BigJobs Shop;816-455-8733;Central;Domestic
01eef1f69b2875471b9d82fc7ddfdde16ac351a39b1bb49c4c1815415087ae3a;FIND/SVP Shop;816-455-8733;International;International
f7a700fbfd8180d300e335030d0283c00f99e9f6bc884b4a15f9ff85de6f7ec8;RC Shop;816-455-8733;Central;Domestic
d4cdda76c37b73bf8c7b98cda66a6c4fb36f8b73b532106b2b59149747ac35bd;Systems Store;816-455-8733;International;International
86497d72464a225221b664e5dd7cb773c7f82ecdae15a267ce78c0357b30cb20;Warsun Supermarket;816-455-8733;Central;Domestic
2510cfef123ca4138efa7d8071315c14d354739379ec8a69ce771907cf575d77;Razorfish Shop;816-455-8733;Southern;Domestic
9b2b57785b7f73794410296f56cc61af5ae14692a54e18aa9912c937624cdb9c;ECI Supermarket;816-455-8733;International;International
0710a0da80333da7417c13a58e74c174eb9c500cc7958564ce33c625dbf2efa1;XVT Shop;816-455-8733;Western;Domestic
d60c64db3ac8affba5aeabeb509e291ad1b21367965fb968d954f28a20d767e7;Siemens Supermarket;816-455-8733;Northeast;Domestic
2d424b8cadd966e12af93e90d10f93ddf26654e37d037492aaa828111ea0683e;Relcom Shop;816-455-8733;International;International
8660a5caf09a58b92138bf8d60bc8d4b41272b4663a554f31f851a1db67215b7;Crew Superstore;816-455-8733;Central;Domestic
44ee5dc14549c98a11fd72fd32d9dcba2a09aeacd93450cfc18aef3a06177537;Edify Shop;816-455-8733;Southern;Domestic
6cd057630f8e9216c3b04d04be4bc143f6e4a70d2ac7e49502cdd6d310bd5675;Racal-Datacom Shop;816-455-8733;Central;Domestic
0d2f189136d61677377539fd7d44791b62e81dc79838414dd868648e198f6bc1;Satronix Shop;816-455-8733;Western;Domestic
72749a22f8cd8bda1168cb21211d6d657efbf08e79177f4131f77a1ed05515b2;PAP Supermarket;816-455-8733;Western;Domestic
cec768391db772d0806a3ffc179e2e31c9fd8133bebfa68aa200b02b741e27d1;Acsior Shop;816-455-8733;International;International
fc54d2569f6addc07c8d7d726a9017d12375cd0bfabda918b7147f3ab5ae8579;IBEX Shop;816-455-8733;Central;Domestic
a916bb5ac5966009773c0bf5c158c2d255c2cdca745879b56d5e268fe1d3e463;Rave Supermarket;816-455-8733;Northeast;Domestic
49734878ee3a95606eaf22cc14f5b9996ee200e4541c9e79b7b3ff8200d7d085;A&R Market;816-455-8733;Central;Domestic
32f2c271c99ee37ac8eedc2eaa691bde5f611494ab1ee26ef5324889914be9d0;Ibis Shop;816-455-8733;Central;Domestic
54fc38214cf5f54848228ef37e2fd8fbfac9070dcae75d41c3f6550a7d9167b1;Towmotor Supermarket;816-455-8733;Western;Domestic
f44f984231b6d3b3863a1ddc15f718a5fc9c7a91196bba181abc942574887e38;Federal Supermarket;816-455-8733;International;International
85e2469c430d6b6b057a3a9116713fc0c13f285ae991e5530ce01eb9ffbed277;Mb Market;816-455-8733;International;International
95c8f88dca1fb752e1ae113ede278dea03528bba5d46983bda2ba43d25a62c32;Pantech Supermarket;816-455-8733;Central;Domestic
9e73969da3ca3ad9fbd5d643ddceea78c932e29cf626bf30d153fc75b2cff1f2;Pacific Market;816-455-8733;Western;Domestic
6947f200e9e1145837f9232d593de7625264a7ed8d29fc85e5330509814dab9b;Kawneer Market;816-455-8733;Western;Domestic
10a50e43bc8c7fb34a81963b723c8903bfdeb30f46e1d82ade28901f76564c37;Pallister Supermarket;816-455-8733;International;International
a6698f42c2009d3270d7e9b3b0fc5911102a61d55d820900dff72a7ed793a1aa;Transalta Store;816-455-8733;Southern;Domestic
fea73fcf2a1926b4f43a400588a7107650c8ec2e38baef3b2b5051d8ee232acb;Papyrus Shop;816-455-8733;Southern;Domestic
faf7e0671170df6acafe2e32a53133fde1888978e13c28461a01506e5acca0c1;KeyComm Shop;816-455-8733;Western;Domestic
23e1e6cc0500cff5f67b702f22780bea25730d84417fd27f7065ddffb79b41b3;Fokas Midstore;816-455-8733;Northeast;Domestic
0aaf65bcbe2532bcee539d330b5f8887c4c5cacc8b32617ee41abe5bcb3ac581;Yurie Market;816-455-8733;International;International
52e3eb68961bb8812a4fce0e024adb88ce0b6c9e83cf2e9a3b032e92c5765546;ACES Supermarket;816-455-8733;International;International
b3e3c7659668d4b7f1d3c6d45fdfbfd57c4a053fa4d0496883f9e0c3e4a3555d;Userland Maxistore;816-455-8733;International;International
68c710c2f5a8a4a359b3f36e2e4619450f81583d2c2562c9104ffc9a8a2b0440;Big Store;816-455-8733;International;International
5d659cd6ef1907a7b2900e410f8f274485fd077a6cb8f2e6f93ab49761974d8e;Fills;816-455-8733;Central;Domestic
a0097f7a1487b82606649a55ef40f5528345f9f72eab6353230b33dd056e38c2;TECC Shop;816-455-8733;Canada;International
d432a35cab0efb5b80df9bcb9d6cab4b3997dff9104c129c09b8ff0ebc7cdf0f;Paul Store;816-455-8733;International;International
c7cfa4c0dd19d064ddc24122e3d8d33f70308cc840395f725ed54d45171c45c0;YourFuture Shop;816-455-8733;Central;Domestic
1afbd1bae2ac812b13502aa380d8afaa4572418969a8079bffc4b8c07fd91966;Time Supermarket;816-455-8733;Central;Domestic
3c5e74dbe88d32e7d35d4a9bf7313f1443d7dabd5a8eb8510625536d383eba8b;Gemini Supermarket;816-455-8733;Central;Domestic
322e757b5957597b5b5539da15fc9937c8f39f72bb50169c5640284b9a96f487;RKS Shop;816-455-8733;Southern;Domestic
7f5a09186ae124c4a871d83c9137605b4975f0eff5fda0c93dd04a122fa4631a;Litton Shop;816-455-8733;Southern;Domestic
2f6b83db97b1b3876ac7d75d1e6802303009536311ce80bc03cbb392003f8ede;UUmail Shop;816-455-8733;Western;Domestic
cef6c690e099302ebccf5c32784b90845d702a7a33f7e19a5fd769ec54a96d8b;Old Store;816-455-8733;International;International
c1ec72f8c447417a8f86d793302c04a8e58048d2d19f5d32f65fd738f5382ed0;Hetrick Supermarket;816-455-8733;Western;Domestic
962ac47b6e09a8b8dde9e9b1234bade0132acd79d1d77d68582c925e6e280738;Scientific Supermarket;816-455-8733;Western;Domestic
2f8f539fea5fd5486d924a8abc30bfa4b98ace8933b016ba7a4c32956e6a81b9;CAPTA Shop;816-455-8733;Northeast;Domestic
07352e299ac99bf28746c95ef20e3c224ca26377c6c6b292d4620f64a20c3fc5;Dan Store;816-455-8733;International;International
fb679394972e0c7dc94211f16a13a71147b2fba76edb2125475c099b248e239e;Helios Shop;816-455-8733;Central;Domestic
1e114714f9863b63fb5298cfe5a8737aeac0d0f4d9b4efd2117fa7e366e2818a;Zero-Knowledge Supermarket;816-455-8733;Western;Domestic
442f256a3e3182dff3b445e2dc72b74d3b74ed504cec10b3280136f1bfc5344f;Kerite Company;816-455-8733;International;International
9be5dfaf4784865a5a0e835729069dc617c29e0ceb2a9f8cfbe4ea7d8b694a89;DCS Store;816-455-8733;Southern;Domestic
b373866e99fd91fa8ee9a4b27f5d0daf06d7598ef5663da6f3cba643f263b5bf;Idyllwild Shop;816-455-8733;Southern;Domestic
006b3c28709c8e8b234881e484cdb0aaf2aee029457f813d4311759089290351;Kaim Supermarket;816-455-8733;Northeast;Domestic
1eaf93227f84cfaacca0eca42b25fbe485db404435640d4ec0eab444e4a83a18;Farrell Supermarket;816-455-8733;International;International
b3125cb099dabf9fe7f9165476fc18a90f687c99277a31d94cb481062d1e616a;Overdreams Shop;816-455-8733;International;International
f62c0bc51c4daa025ebf3d601942618fd5a0ff0664cf9133881292328eeec165;Quantum Supermarket;816-455-8733;Central;Domestic
8bbbcf2dd35ac72ab6b4bf2dc692916564ac6b55fddf36915cec2fc3ea9a9e40;Cajun Shop;816-455-8733;International;International
4d9cd2ba1cd4c66a03a8a3c2067b0941fefe205bc5e05cc55236302572fe44b9;Page Store;816-455-8733;International;International
7fa412c49686b755743327d00eed601af179cb39101f07761d224b98d873e877;Active Store;816-455-8733;Southern;Domestic
65c8d5d598e570cc0b6d0bb2ef4842abd8632dd2836c9349ec86c1107f1b3cb2;Tag Supermarket;816-455-8733;International;International
5d0728d9d13f48338a73a3c6f87c2ddf861bc948046f0013e5963b3b5b6c9dbe;K Shop;816-455-8733;International;International
360ccf5f7f580c6efded3b91a0338c1c4d8a966f89bb559b4d1c5b8bb5214a02;a2i Shop;816-455-8733;Central;Domestic
50cb7fffdd50710bb8318f411339630508e237eacdd5a9daacc99fd7661563ea;Racal Store;816-455-8733;Southern;Domestic
9eb15a5fc13e58494a9d0c64b01518b6235cf6ee7840f1501d2aa00dd545486a;Ravenwerks Shop;816-455-8733;Canada;International
126453c6a56078bb9b1684bb96f11e79b522931fbb7ae828d433e9acffbb5ae2;J.M. Market;816-455-8733;International;International
d69d3f0cfbb9220a51c4e990120dd0fa54f912b459c01d310430e5cadb86c709;Reflex Store;816-455-8733;International;International
dbf03257ba30e6e1f8fcd202f5c2a88b26790b91715ec50d4eb4b96f826b306e;C3I Shop;816-455-8733;International;International
4f8c3c8f5ae379c1332bed1269e446cff797c9b101a1c533933a240909d0bf2b;DCS Market;816-455-8733;Western;Domestic
23dc9bd46cd0ce0c4798b86cc4cc4486eaedc6b749f4c0daf02f151b770ab8b0;Earth Shop;816-455-8733;Western;Domestic
cf2960b83f4827ff57946656b5deac19a0f58e2a444b3438c8f2c8e84b053058;iBEAM Shop;816-455-8733;International;International
50efd040c66ffdd3c38ac24807db55ef27c9f62cce1b962032cb8f609c699803;Pacific Gigaplace;816-455-8733;International;International
f43d38c869dd48a4f85776501acc1cf28e5880585fb599f342c36d710f52f5a3;TransCanada Store;816-455-8733;Central;Domestic
d1eb5ed712d77bfe62dfa22e33d8b959596a954cd8ab997e426b53708e076805;Pacific Store;816-455-8733;Canada;International
4f60e74be5e71992ae969a0ada3ba1e18090d44a1df22490f4c5b0f554be6446;HMR Shop;816-455-8733;Northeast;Domestic
e29dbfd9c0d2409f639167f31c223094cd8cfe59a1e95e62454882d8c11081df;GEAR Shop;816-455-8733;International;International
7e796d378d6b0c4e73deeb1ab2728a64eac12d0fd8bfd58b8671c9681b603528;PLAINFIELD Market;816-455-8733;International;International
03386c553baea8f001ba7de8da8800498b27f75355c7c6976091795f76145aff;Beckman Market;816-455-8733;International;International
40c0317c155ef56dee8878f7eabf66c80dd44db17c7182d85c48864e39061b52;Minneapolis Supermarket;816-455-8733;Western;Domestic
806a9000a61a920379a7954c07e67ee106038dbde20677f462fde9655917ea93;Lobster Market;816-455-8733;International;International
91964aacef10be6a27347deb5431d81700256150d2fdb0060475ef378bd95186;E Supermarket;816-455-8733;Western;Domestic
c7e94b91965375546b26df0fc44fb3fdcd530904831617b54dc04c3950feb01d;Fifth Store;816-455-8733;International;International
14b5a2eaa2d7326795a3b1d5ffd493541045c4bc9aaef7e3662015bfadc3978c;Nbase Shop;816-455-8733;International;International
12e86ac2eec4a69e9219073921636b592e75db146e29dc52d22e1d225aa8a899;Velos Supermarket;816-455-8733;International;International
32ab65f8e5f2ca844d0b1102ea347443668c76780999bb2f443075ff25339e31;Remedy Shop;816-455-8733;Central;Domestic
3a60c8cbeff950aa13361a937c24419fbfbaf96a30b4547e1e4e13b0fcb14912;EDC Supermarket;816-455-8733;Canada;International
b2610c429cfe18a93f7ff3eab9030313670d25e49b847d21320c7cf24046a67e;Gate9th Shop;816-455-8733;International;International
4ee041ec65f7dd7fa3b8cad27ec96c8ebfde6b89b13ca3e900c0b18681e44ae8;Teca-Print Shop;816-455-8733;Southern;Domestic
dcc8f694d67a39f7709deac03b6b977751728deeb6e89e920e8b5689665d939d;FenP Supermarket;816-455-8733;International;International
77c19ccb55cae3ebc95e5430df557bb9dbf0cd830ffb8dc4aa0afe8228a0e05d;Brentano's Shop;816-455-8733;International;International
f38cdac89ef2e33aeeba577a8ca415af50b36a2a533b95d34fcc50a85c4c7cbb;Diss Gigastore;816-455-8733;Central;Domestic
5b6655c51e0ffccec74722423303ee7f946b6848b1a14a5d04299262cf968b53;WarRoom Store;816-455-8733;Canada;International
272442ff9579625dbee0b3f60378d4d1af41252d8af8fbd7264763c98be8c595;Miles Supermarket;816-455-8733;Central;Domestic
ee81afef34e2981a4dd17802b418ac75e9412251fd2d7b09f181c31cd085027e;BL Supermarket;816-455-8733;Southern;Domestic
51f89f585b784065707b5456f22c6dbceae59c879aec6bd5974a1b2c39f7a1f3;DCP Supermarket;816-455-8733;Canada;International
29a1fca55f6c085be59bbcdd44b0c9393e7e21e3c26a5c0902cc2462e5bf8f4f;Parabole Shop;816-455-8733;Canada;International
c16f1d63fe00f55912a9e6c3fc0a5ab45f230594959f5cbcb8b31aedf51d3e46;Lee Megastore;816-455-8733;Western;Domestic
9b78ee5094abf56df447141cde01745346a00a3770c07489d78004f2e6feecfd;MaxBan Shop;816-455-8733;International;International
015606db9f506b3cf2df9b8e471e911f30995c58868b131c6bdcb63f300976df;AboveNet Shop;816-455-8733;International;International
26549aa851966ffddd2e454c4529f5c34337c55f5a6a2005d992bd51bab5d8e9;Accidental Shop;816-455-8733;International;International
e15ddcefd93b8c93fc5c65be9168802e375689f4d4e323858e05a9d2028f8ffc;Access Store;816-455-8733;International;International
4a410748ba921d3e8a7ade4c977afaaf7f01d65b607399292851815f2e32769b;Wasabi Shop;816-455-8733;International;International
7d9c42174cf14fed70e0d1c5af864d93da1c1a5a1470f69ccdef509eccd1ced7;Xetron Shop;816-455-8733;Southern;Domestic
356c1c5c0629301de4b2f559928430551d0dea51bc552672ca3462b4b6a3d76b;Guarantee Supermarket;816-455-8733;International;International
c109e5050f7ab804b0aeae0d6666224c7036532a33df3bebf5d34b42f4abb39d;Palo Supermarket;816-455-8733;International;International
169186c24249cc6e464d557446e72dff6f387232fe45c22901c033569e3506d9;Unisys Supermarket;816-455-8733;Southern;Domestic
80e4286b05b8736b5778bf4638c4b7a255a637a66bddcb8c44e68d5b93e5794a;Hegemony Shop;816-455-8733;Western;Domestic
5807ead1f7b9a4d977acd26d7c00615cecec3249c200ffdd6e0fbed17a502011;ActionWorld Shop;816-455-8733;Western;Domestic
e7a30480e287dbafbaeedba3267f24f6fef0776cf89e83501c2e50524cbbe7ba;VEI Shop;816-455-8733;International;International
981e65c9648805abd148691a65123eb6607bc0d422c369b4b4ec17d8566b1717;GearSource Shop;816-455-8733;International;International
584b1155505a5ddbc1d4b8ddd4311fd166ef79a28919caa17e7484613698ae16;FCS Shop;816-455-8733;International;International
443e2bb7caf82f39e62a23d4b8a202b9f0d84d0327fddd95b587ab4af86e171f;BizNet Supermarket;816-455-8733;Northeast;Domestic
4d66f9601dc5d4ddacf37c7564aab749101b6adc89e63174305b52357b694b53;Oki Shop;816-455-8733;International;International
6a620e58bd4500b5132347059be646d2b021f9c5d5cbbe83f486cc398b66a7b4;Nematron Shop;816-455-8733;International;International
ee32e6a1c8fe7fd331ab41d78ca04e9675ead7418f3c38ef6986ad5e0defb69f;Quallaby Megaplace;816-455-8733;International;International
04168b471a0829b397b2efd7c76269653973ba74564e7585b4c991a7d73daeed;Telus Store;816-455-8733;Western;Domestic
e349fbdc25121b191de028ca86829bb8c01ea721cc4f0f9fd92bb6655904a5dd;Nancy Supermarket;816-455-8733;International;International
d75ab5c45a7ba336bc097559275a6d0e0b5f58514beb654cd5e038dea8753170;Aberdeen Shop;816-455-8733;International;International
923e4b519660816f5eb3ec4ccd8f5a10de8cc7d8666a629240dc0349081d0fea;Bell Store;816-455-8733;International;International
ada72c436d04a9d65e7adecb7cc01fb4b0b5dd718de6e9c660e8f5856cd7fb7d;Keystone Store;816-455-8733;Canada;International
1dd115ae47d1059abd16caba94eea0cb677379a3ff4a8047021640e14a9e4474;Xediom Shop;816-455-8733;Central;Domestic
71bcfaa03f5c6bd79d63fb4f86e67899604799ec687925bc01bd21ee73c27f43;Screaming Market;816-455-8733;Central;Domestic
ae57826b73bf10a9fbc470dbcb67a40937a92aa8b5ab7d10f5e754cb82d2ef9c;Dci Shop;816-455-8733;Canada;International
19a586f984f6b87f2c0b16d7967bb0763f3d99100f27397ea9d212f5994e5f49;Greymac Trust Company;816-455-8733;International;International
48635ce19d85acf80d21ef8f0ac3e78d8e172bcb72ce097d97e9262c89336d38;Lucky Shop;816-455-8733;International;International
83d493ecf2450dfe105c6377b2f2733f642f9cd5d7d0638dfdf816b4ec1910e5;T3West Shop;816-455-8733;International;International
97b5bbeb7d1395979c485da52a85d9989db5b3f5b37f60980c18511bed3c829e;Healtheon Shop;816-455-8733;Central;Domestic
98bc00614648683b1e7713ae577de7b8fd8053e9959ff1ed864a12ba747a724a;Pathlight Market;816-455-8733;Central;Domestic
d62066b5dd3ce6b2e5c8220ba5efcab03b8ebc87defe45dc3de8ec2be05a5622;SASCO Store;816-455-8733;Southern;Domestic
27a81ff178777f80222edaf460ea77c399a04bc176d6be9ea8dd1f40250d1c4a;Helius Shop;816-455-8733;International;International
563b25561f32f08375ee0b588608b30329f856f3a3f73d23504897697f5329e0;ComeStore;816-455-8733;International;International
e919783b0f0b13a4438751af604dba2e1e39b0f68e286663ddb974cdddfeb642;SAS Supermarket;816-455-8733;International;International
23cca6a81ec4ce16ab4daf519cb8c36bda404e5ec1864b3e957395f5d13ac8a6;Embedded Supermarket;816-455-8733;International;International
8fde7594728cb1015d736fdfec75bb27f257f24cda94d1c85732f3c4da7fb2b4;Kensington Market;816-455-8733;Northeast;Domestic
739ab12c7cd201b46a920c8c072b826f72e103cd0e043dc0b73dbab908969788;Karickal Store;816-455-8733;International;International
9f91b35a7841ac7bc6bcf98f90207009baaac479c34168599666273ebfd45ec1;ACRON Shop;816-455-8733;Canada;International
89eedc8c642b9a2f35814c83062d6e7baf2e54544cd4240fa6b94d3e40039f3d;Gulf Market;816-455-8733;Western;Domestic
29ddfae6203d46a7420da5da8e54e0adf268cb56d685773d19f4d7a7c51a9d6a;TargetedListings Shop;816-455-8733;Northeast;Domestic
9229fa693c18bec41771d8d2be09ab39c950bc3170dbca8aebc03f9f87c43d53;Metro-Goldwyn-Mayer, Supermarket;816-455-8733;Northeast;Domestic
4bf616f9d2355567c1e0cc7d9f17561a8b028e8bc854bc8475a9950350067cd2;Camros Shop;816-455-8733;International;International
53b1272da795f1cff461f0b07ebbeff54e294ddef7f8cbc14af633fd2c70e802;Fentek Market;816-455-8733;International;International
96b738f0a788a8a30c277596ccd35f255c810117fde31b48b0276cb6516b40e9;Page Market;816-455-8733;International;International
fb783ac306ba22376523929bab621b0e2b8621671e1c99d009f273fa097c8c5c;Target Store;816-455-8733;Central;Domestic
483cdb1e29771849680361c55a2f32a40982acd154e241f4d7d311f2d24ac487;R.J. Market;816-455-8733;Central;Domestic
800566967524d7f338f5c23d55da3e1b84e74a941fe0f6036a91981bd0aef96c;Kool-Seal Shop;816-455-8733;Southern;Domestic
5b278e5b1699f8aa7d1852f5a14b4ae60ae178b41acf397b593b9297bd31bdb9;Qwest Shop;816-455-8733;Central;Domestic
4eebc34e9fabfdf9873207f73cb87362263c5d0d65604f2b4aecefe715117e90;J.A. Supermarket;816-455-8733;International;International
1b2edf29c71007f57148e45d9158021f4efb08e5d04b377944241b46dafbe859;edit.nl Shop;816-455-8733;Southern;Domestic
f2c3f434980f876e079b9bf4a9f20d470827e43791a70d38ddccc2632da0057f;LiveWire Supermarket;816-455-8733;Western;Domestic
9ecceb4017545ed553a48046696f8a51eb860283a7b53018a4baa8cb78af9b6d;Bezeq Shop;816-455-8733;International;International
fd8cc742f28ba6b948fcc7e13e34847973fbe604b4e3bba19ab6b733ddddf7bb;BH Supermarket;816-455-8733;International;International
e90c02d5ce3db80b06d0f22fa9713dc4a183b306a536a6ca78568b0291b0df6b;High Store;816-455-8733;Southern;Domestic
de3cfd0217008a663da598c0430a3891fea909286d608931d44219a865ecf64a;Federated Supermarket;816-455-8733;International;International
b4b90434445a17eaf18b3d37b2303140feabc5767646a7a16e343fc173311989;Ultra-Image Shop;816-455-8733;International;International
6f54543156cab6b2f42438559f3358aeb1c15d4d007afea82689e999d70489f8;Nanao Shop;816-455-8733;Canada;International
c27535573adb587f6b1db59008ad6616049e5636e7683ec82ab10d6be06d3fac;Age Shop;816-455-8733;Northeast;Domestic
6716cfb3ec957485d43013619a86263a089f772d626dd70a52cad16ae6fb78c9;?change Store;816-455-8733;International;International
390f051ececcf102ed2fd87643104ecfa1b9992b494a91632b47a5411f6b7891;LMAO superplace;816-455-8733;Central;Domestic
e7b63ff2600c0a23783bb1e8dd1fe5887dcce45a99c514e895043f9405583a28;Markets;816-455-8733;International;International
1f259a5bd5d7d41661186f6fabb428f17d317343709becd075b6d26d4c17856c;Outbreak Shop;816-455-8733;Central;Domestic
eb2dbd1235e758c497439e554deeed4956996f1ef5b08985370f205b82da0d6f;Unisys Shop;816-455-8733;Southern;Domestic
